id;старый заголовок;новый заголовок;дней на авито
4204718882;остекление террас, беседок, веранд от завода;Остекление террас и беседок ПВХ — от завода без;9999
4204922960;остекление террас, беседок, веранд от завода;Остекление террас и беседок ПВХ — замер бесплатно;9999
4172754180;остекление террас, беседок, веранд от завода;Остекление террас и беседок ПВХ — гарантия 5 лет;9999
4173200023;остекление террас, беседок, веранд от завода;Остекление террас и беседок ПВХ — рассрочка 0%;9999
4205280767;остекление террас, беседок, веранд от завода;Остекление террас и беседок ПВХ — монтаж за 1 день;9999
4172827506;остекление террас, беседок, веранд от завода;Остекление террас и беседок ПВХ — со склада в;9999
4236756370;остекление террас, беседок, веранд от завода;Остекление террас и беседок ПВХ — профиль VEKA;9999
4173448273;остекление террас, беседок, веранд от завода;Остекление террас и беседок ПВХ — энергосбережение;9999
4109080350;остекление террас, беседок, веранд от завода;Остекление террас и беседок ПВХ — профиль Rehau;9999
4108866126;остекление террас, беседок, веранд от завода;Остекление террас и беседок ПВХ — под ключ;9999
4204996735;остекление террас, беседок, веранд от завода;Остекление террас и беседок ПВХ — доставка по;9999
4205283603;остекление террас, беседок, веранд от завода;Остекление террас и беседок ПВХ — 15 лет на рынке;9999
4205364424;панорамные пвх двери напрямую от завода;Панорамные ПВХ двери от завода — от завода без;9999
4172900761;панорамные пвх двери напрямую от завода;Панорамные ПВХ двери от завода — замер бесплатно;9999
4173153499;панорамные пвх двери напрямую от завода;Панорамные ПВХ двери от завода — гарантия 5 лет;9999
4173433186;панорамные пвх двери напрямую от завода;Панорамные ПВХ двери от завода — рассрочка 0%;9999
4269416546;панорамные пвх двери напрямую от завода;Панорамные ПВХ двери от завода — монтаж за 1 день;9999
4205072198;панорамные пвх двери напрямую от завода;Панорамные ПВХ двери от завода — со склада в;9999
4237353259;панорамные пвх двери напрямую от завода;Панорамные ПВХ двери от завода — профиль VEKA;9999
4205395885;панорамные пвх двери напрямую от завода;Панорамные ПВХ двери от завода — энергосбережение;9999
4237435634;панорамные пвх двери напрямую от завода;Панорамные ПВХ двери от завода — профиль Rehau;9999
4204714068;панорамные пвх двери напрямую от завода;Панорамные ПВХ двери от завода, Чувашия — под ключ;9999
4205284856;панорамные пвх двери напрямую от завода;Панорамные ПВХ двери от завода — доставка по;9999
4204617602;панорамные пвх двери напрямую от завода;Панорамные ПВХ двери от завода — 15 лет на рынке;9999
4204875200;раздвижные окна с установкой;Раздвижные окна ПВХ с установкой — от завода без;9999
4268940324;раздвижные окна с установкой;Раздвижные окна ПВХ с установкой — замер бесплатно;9999
4268580697;раздвижные окна с установкой;Раздвижные окна ПВХ с установкой — гарантия 5 лет;9999
4077239750;раздвижные окна с установкой;Раздвижные окна ПВХ с установкой — рассрочка 0%;9999
4236587354;раздвижные окна с установкой;Раздвижные окна ПВХ с установкой — монтаж за 1;9999
4236938936;раздвижные окна с установкой;Раздвижные окна ПВХ с установкой — со склада в;9999
4172699981;раздвижные окна с установкой;Раздвижные окна ПВХ с установкой — профиль VEKA;9999
4269433156;раздвижные окна с установкой;Раздвижные окна ПВХ с установкой —;9999
4268539703;раздвижные окна с установкой;Раздвижные окна ПВХ с установкой — профиль Rehau;9999
4172906640;раздвижные окна с установкой;Раздвижные окна ПВХ с установкой — под ключ;9999
4205264092;остекление домов, коттеджей напрямую от завода;Остекление домов и коттеджей от завода — от;9999
4205244026;остекление домов, коттеджей напрямую от завода;Остекление домов и коттеджей от завода — замер;9999
4172787282;остекление домов, коттеджей напрямую от завода;Остекление домов и коттеджей от завода — гарантия;9999
4173396750;остекление домов, коттеджей напрямую от завода;Остекление домов и коттеджей от завода —;9999
4236717784;остекление домов, коттеджей напрямую от завода;Остекление домов и коттеджей от завода — монтаж;9999
4237090529;остекление домов, коттеджей напрямую от завода;Остекление домов и коттеджей от завода — со;9999
4205003005;остекление домов, коттеджей напрямую от завода;Остекление домов и коттеджей от завода — профиль;9999
4237027460;остекление домов, коттеджей напрямую от завода;Остекление домов и коттеджей от завода —;9999
4172665899;окна для беседки, террасы с монтажом;Окна ПВХ для беседки и террасы — от завода без;9999
4237044979;окна для беседки, террасы с монтажом;Окна ПВХ для беседки и террасы — замер бесплатно;9999
4173336988;окна для беседки, террасы с монтажом;Окна ПВХ для беседки и террасы — гарантия 5 лет;9999
4172985621;окна для беседки, террасы с монтажом;Окна ПВХ для беседки и террасы — рассрочка 0%;9999
4205082184;окна для беседки, террасы с монтажом;Окна ПВХ для беседки и террасы — монтаж за 1 день;9999
4205164024;окна для беседки, террасы с монтажом;Окна ПВХ для беседки и террасы — со склада в;9999
4172605026;окна для беседки, террасы с монтажом;Окна ПВХ для беседки и террасы — профиль VEKA;9999
4173461189;окна для беседки, террасы с монтажом;Окна ПВХ для беседки и террасы — энергосбережение;9999
4205203849;панорамные окна монтаж;Панорамные окна ПВХ с монтажом — от завода без;9999
4268985813;панорамные окна монтаж;Панорамные окна ПВХ с монтажом — замер бесплатно;9999
4237281175;панорамные окна монтаж;Панорамные окна ПВХ с монтажом — гарантия 5 лет;9999
4237329464;панорамные окна монтаж;Панорамные окна ПВХ с монтажом — рассрочка 0%;9999
4236796215;панорамные окна монтаж;Панорамные окна ПВХ с монтажом — монтаж за 1 день;9999
4204572308;панорамные окна монтаж;Панорамные окна ПВХ с монтажом — со склада в;9999
4236685855;панорамные окна монтаж;Панорамные окна ПВХ с монтажом — профиль VEKA;9999
4204573049;пластиковые окна с монтажом гарантия 5 лет;Пластиковые окна с монтажом — от завода без;9999
4141000643;пластиковые окна с монтажом гарантия 5 лет;Пластиковые окна с монтажом — замер бесплатно;9999
4205064151;пластиковые окна с монтажом гарантия 5 лет;Пластиковые окна с монтажом — гарантия 5 лет;9999
4141384112;пластиковые окна с монтажом гарантия 5 лет;Пластиковые окна с монтажом — рассрочка 0%;9999
4269298828;пластиковые окна с монтажом гарантия 5 лет;Пластиковые окна с монтажом — монтаж за 1 день;9999
4141194598;пластиковые окна с монтажом гарантия 5 лет;Пластиковые окна с монтажом — со склада в;9999
4268749814;пластиковые окна с монтажом гарантия 5 лет;Пластиковые окна с монтажом — профиль VEKA;9999
4205336417;пвх окна напрямую от завода без монтажа;ПВХ окна напрямую от завода — от завода без;9999
4173133483;пвх окна напрямую от завода без монтажа;ПВХ окна напрямую от завода — замер бесплатно;9999
4173336364;пвх окна напрямую от завода без монтажа;ПВХ окна напрямую от завода — гарантия 5 лет;9999
4237079644;пвх окна напрямую от завода без монтажа;ПВХ окна напрямую от завода — рассрочка 0%;9999
4236951653;пвх окна напрямую от завода без монтажа;ПВХ окна напрямую от завода — монтаж за 1 день;9999
4172895230;пвх окна напрямую от завода без монтажа;ПВХ окна напрямую от завода — со склада в;9999
4172723691;пвх окна напрямую от завода без монтажа;ПВХ окна напрямую от завода — профиль VEKA;9999
4173400161;окна для беседки, террасы без монтажом;Окна ПВХ для беседки и террасы — от завода без;9999
4109038150;окна для беседки, террасы без монтажом;Окна ПВХ для беседки и террасы — замер бесплатно;9999
4076718856;окна для беседки, террасы без монтажом;Окна ПВХ для беседки и террасы — гарантия 5 лет;9999
4172802495;окна для беседки, террасы без монтажом;Окна ПВХ для беседки и террасы — рассрочка 0%;9999
4076741626;окна для беседки, террасы без монтажом;Окна ПВХ для беседки и террасы — монтаж за 1 день;9999
4205383982;окна для беседки, террасы без монтажом;Окна ПВХ для беседки и террасы — со склада в;9999
4173280442;пластиковые окна напрямую от завода без установкой;Пластиковые окна напрямую от завода — от завода;9999
4204995155;пластиковые окна напрямую от завода без установкой;Пластиковые окна напрямую от завода — замер;9999
4172936005;пластиковые окна напрямую от завода без установкой;Пластиковые окна напрямую от завода — гарантия 5;9999
4205138090;пластиковые окна напрямую от завода без установкой;Пластиковые окна напрямую от завода — рассрочка 0%;9999
4237300146;пластиковые окна напрямую от завода без установкой;Пластиковые окна напрямую от завода — монтаж за 1;9999
4173288108;пластиковые окна напрямую от завода без установкой;Пластиковые окна напрямую от завода — со склада в;9999
4205127180;остекление домов, дач, коттеджей под ключ;Остекление домов и коттеджей от завода — от;9999
4204667889;остекление домов, дач, коттеджей под ключ;Остекление домов и коттеджей от завода — замер;9999
4205548277;остекление домов, дач, коттеджей под ключ;Остекление домов и коттеджей от завода — гарантия;9999
4205377268;остекление домов, дач, коттеджей под ключ;Остекление домов и коттеджей от завода —;9999
4237232321;остекление домов, дач, коттеджей под ключ;Остекление домов и коттеджей от завода — монтаж;9999
4173153572;пластиковые окна гарантия 5 лет;Пластиковые окна с гарантией 5 лет — от завода;9999
4172926233;пластиковые окна гарантия 5 лет;Пластиковые окна с гарантией 5 лет — замер;9999
4237102406;пластиковые окна гарантия 5 лет;Пластиковые окна с гарантией 5 лет — гарантия 5;9999
4172685374;пластиковые окна гарантия 5 лет;Пластиковые окна с гарантией 5 лет — рассрочка 0%;9999
4172974504;пластиковые окна гарантия 5 лет;Пластиковые окна с гарантией 5 лет — монтаж за 1;9999
4045100239;пвх окна напрямую от завода под ключ;ПВХ окна напрямую от завода — от завода без;9999
4141011109;пвх окна напрямую от завода под ключ;ПВХ окна напрямую от завода — замер бесплатно;9999
4205062181;пвх окна напрямую от завода под ключ;ПВХ окна напрямую от завода — гарантия 5 лет;9999
4236611086;пвх окна напрямую от завода под ключ;ПВХ окна напрямую от завода — рассрочка 0%;9999
4237209641;пвх окна напрямую от завода под ключ;ПВХ окна напрямую от завода — монтаж за 1 день;9999
4204709755;пластиковые окна новые;Пластиковые окна новые — от завода без наценок;9999
4172728784;пластиковые окна новые;Пластиковые окна новые в Чувашии — замер бесплатно;9999
2701428520;пластиковые окна новые;Пластиковые окна новые в Чувашии — гарантия 5 лет;9999
4237353119;пластиковые окна новые;Пластиковые окна новые в Чувашии — рассрочка 0%;9999
4173460099;заводские пластиковые окна с установкой;Заводские пластиковые окна с установкой — от;9999
4204585230;заводские пластиковые окна с установкой;Заводские пластиковые окна с установкой — замер;9999
4141321975;заводские пластиковые окна с установкой;Заводские пластиковые окна с установкой —;9999
4173133924;заводские пластиковые окна с установкой;Заводские пластиковые окна с установкой —;9999
4172658726;пвх двери без установки;Пвх двери без установки — от завода без наценок;9999
4236865338;пвх двери без установки;Пвх двери без установки, Чувашия — замер бесплатно;9999
4237514128;пвх двери без установки;Пвх двери без установки в Чувашии — гарантия 5 лет;9999
4237154421;пвх двери без установки;Пвх двери без установки в Чувашии — рассрочка 0%;9999
4109064465;остекление домов, дач, коттеджей с гарантией;Остекление домов и коттеджей от завода — от;9999
4204736241;остекление домов, дач, коттеджей с гарантией;Остекление домов и коттеджей от завода — замер;9999
4237319261;остекление домов, дач, коттеджей с гарантией;Остекление домов и коттеджей от завода — гарантия;9999
4204808144;пластиковые двери от производителя без монтажа;Пластиковые двери от производителя без м — от;9999
4205451637;пластиковые двери от производителя без монтажа;Пластиковые двери от производителя без м — замер;9999
4268716820;пластиковые двери от производителя без монтажа;Пластиковые двери от производителя без м —;9999
4204567322;пластиковые двери напрямую от завода без установки;Пластиковые двери напрямую от завода без — от;9999
4205534697;пластиковые двери напрямую от завода без установки;Пластиковые двери напрямую от завода без — замер;9999
4172785776;пластиковые двери напрямую от завода без установки;Пластиковые двери напрямую от завода без —;9999
4237063651;пластиковые окна напрямую от завода с установкой;Пластиковые окна напрямую от завода — от завода;9999
4237464635;пластиковые окна напрямую от завода с установкой;Пластиковые окна напрямую от завода — замер;9999
4236824159;пластиковые окна напрямую от завода с установкой;Пластиковые окна напрямую от завода — гарантия 5;9999
4269047646;пластиковые окна от завода с установкой;Пластиковые окна от завода с установкой — от;9999
4269094064;пластиковые окна от завода с установкой;Пластиковые окна от завода с установкой — замер;9999
4204588025;пластиковые окна от завода с установкой;Пластиковые окна от завода с установкой —;9999
4269172450;пластиковые окна с монтажом гарантия;Пластиковые окна с монтажом — от завода без;9999
4237054159;пластиковые окна с монтажом гарантия;Пластиковые окна с монтажом — замер бесплатно;9999
4172578061;пластиковые окна с монтажом гарантия;Пластиковые окна с монтажом — гарантия 5 лет;9999
4172994332;портальные пвх двери с завода с установкой;Портальные пвх двери с завода с установк — от;9999
4237496193;портальные пвх двери с завода с установкой;Портальные пвх двери с завода с установк — замер;9999
4205228708;портальные пвх двери с завода с установкой;Портальные пвх двери с завода с установк —;9999
4172951804;пластиковые окна новые, монтаж;Пластиковые окна новые, монтаж — от завода без;9999
4236601290;пластиковые окна новые, монтаж;Пластиковые окна новые, монтаж — замер бесплатно;9999
4268791723;пластиковые окна новые, монтаж;Пластиковые окна новые, монтаж — гарантия 5 лет;9999
4236918313;остекление беседок, веранд с гарантией;Остекление беседок, веранд с гарантией — от;9999
4204907968;остекление беседок, веранд с гарантией;Остекление беседок, веранд с гарантией — замер;9999
4204868039;остекление беседок, веранд с гарантией;Остекление беседок, веранд с гарантией — гарантия;9999
4173268297;пластиковые окна напрямую от завода без установки;Пластиковые окна напрямую от завода — от завода;9999
4173296913;пластиковые окна напрямую от завода без установки;Пластиковые окна напрямую от завода — замер;9999
4173488260;раздвижные пвх двери отгрузка;Раздвижные пвх двери отгрузка — от завода без;9999
4237229557;раздвижные пвх двери отгрузка;Раздвижные пвх двери отгрузка — замер бесплатно;9999
4204822748;пластиковые окна новые монтаж от производителя;Пластиковые окна новые монтаж от произво — от;9999
4205186287;пластиковые окна новые монтаж от производителя;Пластиковые окна новые монтаж от произво — замер;9999
4204594118;окна пвх рехау для дома под ключ от производителя;Окна пвх рехау для дома под ключ от прои — от;9999
4205344183;окна пвх рехау для дома под ключ от производителя;Окна пвх рехау для дома под ключ от прои — замер;9999
4204966832;панорамные окна напрямую от завода с установкой;Панорамные окна ПВХ с монтажом — от завода без;9999
4204711317;панорамные окна напрямую от завода с установкой;Панорамные окна ПВХ с монтажом — замер бесплатно;9999
4237116933;пластиковые двери от производителя монтаж;Пластиковые двери от производителя монта — от;9999
4205150584;пластиковые двери от производителя монтаж;Пластиковые двери от производителя монта — замер;9999
4172633403;пластиковые панорамные двери с установкой;Пластиковые панорамные двери с установко — от;9999
4205419217;пластиковые панорамные двери с установкой;Пластиковые панорамные двери с установко — замер;9999
4172929112;пластиковые двери заводские с установкой;Пластиковые двери заводские с установкой — от;9999
4204994039;пластиковые двери заводские с установкой;Пластиковые двери заводские с установкой — замер;9999
4205069116;заводские пластиковые окна без установкой;Заводские пластиковые окна без установко — от;9999
4236924674;заводские пластиковые окна без установкой;Заводские пластиковые окна без установко — замер;9999
4236741609;остекление домов рехау с гарантией;Остекление домов и коттеджей от завода — от;9999
4268779959;остекление домов рехау с гарантией;Остекление домов и коттеджей от завода — замер;9999
4205246516;портальные пвх двери от завода без установки;Портальные пвх двери от завода без устан — от;9999
4269364234;портальные пвх двери от завода без установки;Портальные пвх двери от завода без устан — замер;9999
4204783729;остекление террас, беседок, веранд отгрузка;Остекление террас и беседок ПВХ — от завода без;9999
4236968265;остекление террас, беседок, веранд отгрузка;Остекление террас и беседок ПВХ — замер бесплатно;9999
4268890349;остекление коттеджей напрямую от завода;Остекление коттеджей напрямую от завода — от;9999
4269447358;остекление коттеджей напрямую от завода;Остекление коттеджей напрямую от завода — замер;9999
4236957947;остекление террас, беседок, веранд с гарантией;Остекление террас и беседок ПВХ — от завода без;9999
4173168965;остекление террас, беседок, веранд с гарантией;Остекление террас и беседок ПВХ — замер бесплатно;9999
